Model,Config,R2_P1,RMSE_P1,MAE_P1,R2_P2,RMSE_P2,MAE_P2,Delta_R2,Delta_RMSE
CNN,A,0.300651213752181,0.1932509366973929,0.1459030709862709,,,,,
CNN,C,0.6875596196858015,0.1291689929865465,0.098418275590986,,,,,
MLP,A,-0.8495300465718902,0.3142717836793267,0.2457337362580001,,,,,
MLP,B,0.567821774402973,0.1519169161914065,0.1329704053401947,,,,,
MLP,C,-1.1305103725786425,0.3373001399437481,0.2663780594393611,,,,,
RF,A,0.0371827975513237,0.2267496448243343,0.2012418039876789,0.21965455220356067,0.20413531604741414,0.17656699999999978,0.18247175465223697,0.022614328776920156
RF,B,0.3810455118391999,0.1818042590872801,0.1328036628367547,0.7482647016597695,0.11594359260720984,0.08225000000000005,0.36721918982056967,0.06586066648007026
RF,C,0.238927010008539,0.2015987567881657,0.1758941043123544,0.4559573978015391,0.17044770165654918,0.14214000000000002,0.2170303877930001,0.031151055131616506
