Model,Config,R2,RMSE,MAE
CNN,A,0.5339305388876499,0.15776113365737648,0.12041187718510624
CNN,C,0.7745332171788841,0.10972762491474243,0.08023803645372392
MLP,A,0.37394616601047737,0.18284392467039887,0.13830525417625902
MLP,B,0.8605030444387558,0.0863091937392883,0.06369878664612769
MLP,C,0.36934571836331853,0.1835144934158619,0.15253510664403439
