Model,Config,R2,RMSE,MAE
CNN,A,0.5339305388876499,0.15776113365737648,0.12041187718510624
CNN,C,0.7745332171788841,0.10972762491474243,0.08023803645372392
