{
  "CNN_A": {
    "conv_channels": [
      8,
      16
    ],
    "kernel_size": 15,
    "dropout": 0.3356133549804503,
    "weight_decay": 0.002980903552486286,
    "lr": 0.0009080067923714868,
    "max_epochs": 500,
    "patience": 100,
    "pool_type": "max",
    "fc_hidden": 8
  },
  "CNN_C": {
    "conv_channels": [
      32,
      64
    ],
    "kernel_size": 5,
    "dropout": 0.42274686073563,
    "weight_decay": 0.0010014424153363328,
    "lr": 0.00036915371339454634,
    "max_epochs": 500,
    "patience": 100,
    "pool_type": "avg",
    "fc_hidden": null
  }
}