{
  "MLP_A": {
    "hidden_sizes": [
      32,
      16
    ],
    "dropout": 0.37365894414136996,
    "weight_decay": 0.068573775165853,
    "lr": 0.004981384897431641,
    "max_epochs": 500,
    "patience": 30,
    "batch_norm": true
  },
  "MLP_B": {
    "hidden_sizes": [
      16
    ],
    "dropout": 0.4233019610506231,
    "weight_decay": 0.00701418281132535,
    "lr": 0.004244678509601984,
    "max_epochs": 1000,
    "patience": 100,
    "batch_norm": true
  },
  "MLP_C": {
    "hidden_sizes": [
      32,
      16
    ],
    "dropout": 0.4717685061257496,
    "weight_decay": 0.002935930223532139,
    "lr": 0.003755225088588337,
    "max_epochs": 1000,
    "patience": 50,
    "batch_norm": true
  },
  "CNN_A": {
    "conv_channels": [
      8,
      16
    ],
    "kernel_size": 15,
    "dropout": 0.3356133549804503,
    "weight_decay": 0.002980903552486286,
    "lr": 0.0009080067923714868,
    "max_epochs": 500,
    "patience": 100,
    "pool_type": "max",
    "fc_hidden": 8
  },
  "CNN_C": {
    "conv_channels": [
      32,
      64
    ],
    "kernel_size": 5,
    "dropout": 0.42274686073563,
    "weight_decay": 0.0010014424153363328,
    "lr": 0.00036915371339454634,
    "max_epochs": 500,
    "patience": 100,
    "pool_type": "avg",
    "fc_hidden": null
  }
}